,S01,S02,S03,S04,S05,S06,S07,S08,S09,S10,S11,S12,S13,S14,S15,S16,S17,S18,S19,S20,S21,S22,S23,S24,S25,S26,S27,S28,S29,S30,S31,S32,S33,S34,S35,S36,S37,S38,S39,S40,S41,S42,S43,S44,S45,S46,S47,S48
0,22264,21589,21282,20926,20672,20257,19984,19924,19865,19660,20151,21061,23497,25578,27922,28773,29180,28582,28304,27870,27651,27604,27661,27548,27451,27093,26583,26156,25969,25949,25891,26312,27059,27735,28574,28994,29132,29400,29288,29345,29320,29017,28583,28369,27884,26810,25217,23663
1,22552,21732,21216,20958,20545,20123,19821,19634,19329,18915,19037,19217,20257,21011,22089,22806,23666,23979,24219,23975,23695,23408,23134,23047,22813,22466,21977,21686,21397,20995,21143,21382,22030,23067,24088,24820,25587,26050,26247,26213,26125,25917,25821,25792,25579,24689,23244,21907
2,20850,20166,19811,19622,19171,18795,18483,18263,17999,17485,17388,17381,17954,18204,18865,19821,21184,21972,22931,23458,23672,23670,23587,23847,24159,24390,24563,24639,24723,24823,25349,25992,26828,27271,27921,28276,28198,28046,27905,27675,27380,27220,26792,26350,25635,24314,22726,21445
3,20459,19773,19421,19380,19218,18984,18968,18977,18991,18947,19338,20448,23130,25543,28492,30245,31396,31709,32031,31782,31731,31767,31407,31466,31357,31206,31109,31295,31411,30991,30745,31171,31560,31918,32341,32423,32229,32019,31715,31431,31140,31149,30264,29695,29034,27505,25492,23952
4,22740,21967,21606,21528,21046,20681,20448,20360,20383,20277,20695,21685,24154,26535,29411,30787,31883,32262,32717,32650,32647,32711,32584,32519,32259,31876,31444,31278,31476,31377,31336,31771,32246,32421,32582,32800,32674,32628,32291,31608,31074,30776,30192,29604,28521,26639,24781,23298
5,22065,21378,20915,20659,20351,20093,19972,19817,19821,19790,20221,21181,23660,26103,28980,30354,31256,31110,31567,31774,31733,31367,31721,31640,31062,30769,30444,29969,29519,29201,28844,29292,29804,30586,31227,31663,31741,31653,31646,31317,30739,30194,29696,29044,28148,26633,24765,23274
6,22077,21251,20794,20663,20431,20073,19895,19780,19674,19477,19901,20947,23315,25613,27995,29093,29442,28777,28558,28024,27468,26976,26498,26420,26411,26131,25721,25472,25303,25383,25347,25930,26712,27551,28417,29007,29072,29381,29873,30141,29806,29513,28936,28322,27777,26475,24578,23033
7,21709,20931,20431,20095,19771,19427,19361,19337,19248,18975,19372,20251,22444,24463,27097,28607,29214,28831,28643,28080,27202,26442,25963,25649,25524,25160,24713,24323,24321,24226,24246,24710,25494,26170,26953,27587,27979,28331,28383,28660,28371,28076,27554,27320,27250,26094,24755,23330
8,22456,21625,20988,20700,20230,19833,19509,19405,19259,18924,18890,19064,19606,20318,21700,22583,23809,24302,24768,24823,24452,24104,23808,23518,23405,23035,22651,22794,22631,22475,22716,23168,23984,25117,26237,26921,27302,27704,27760,27515,27231,26902,26997,27040,26818,25894,24359,23014
9,21696,20801,20139,19417,18868,18244,17915,17595,17224,16942,16798,16958,17592,17979,18439,19010,19897,20625,21378,21803,22007,21961,21865,21608,21576,21693,21347,20618,20217,20106,20098,20462,21089,22007,23026,23821,24642,25023,25331,25515,25635,25436,25501,25204,25070,24037,22059,20649
10,19275,18787,18248,18012,17687,17441,17143,17157,17087,16889,17140,18568,20971,22990,25454,26682,27507,27414,27643,27387,26957,26611,26402,26146,26148,25729,25747,25724,25927,26291,26391,26825,27684,28598,29442,29546,29446,29426,29474,29266,28867,28519,28416,28037,27451,26330,24584,23026
11,22083,21516,21033,20728,20408,20071,19824,19764,19723,19518,20069,21047,23396,25562,27848,28569,28976,28693,28531,28145,28110,28118,28261,28081,28159,28072,27925,27650,27825,27877,27786,28249,28934,29751,30507,30798,30775,31034,31271,31039,30501,30257,29766,29196,28793,27594,25563,24109
12,22824,21983,21526,21346,21173,20715,20670,20564,20587,20436,20960,21779,24085,26245,28299,28849,28865,28665,28841,28387,28222,28176,28350,28389,28868,28840,28313,27859,27578,27262,27259,27809,28455,29319,30207,30615,30910,31266,31237,31229,30959,30645,29866,29419,29081,27459,25630,24049
13,22790,21961,21429,21090,20719,20394,20193,20148,20174,19831,20267,21234,23367,25255,27637,28192,28208,28027,27753,27379,26802,26485,26192,26138,25911,25501,25193,25043,25256,25300,25625,26258,27463,28525,29294,29841,30121,30301,30664,30795,30676,30201,29877,29233,28361,26780,25037,23620
14,22402,21589,20988,20629,20353,20027,19811,19681,19722,19563,20003,20876,23243,25251,27773,28335,28395,28234,28238,27830,27438,27483,27285,27235,27103,26907,26769,26714,26659,26458,26395,26770,27340,27992,28661,29116,29410,29463,29399,29435,28721,28247,27794,27331,27096,25985,24478,23026
15,21770,20994,20364,19949,19456,19020,18777,18635,18474,18310,18516,18844,19999,20829,22093,23133,24352,24996,25587,25960,25839,25810,25773,25915,25783,25580,25328,24972,24733,24460,24287,24417,24851,25704,26613,27013,26940,27125,27190,27024,26901,26740,26231,26027,25904,25297,23967,22845
16,21789,21056,20393,20056,19669,19422,19113,18946,18890,18413,18264,18354,18838,19283,20051,20719,21783,22516,23178,23460,23599,23559,23720,23692,23727,23481,23025,22601,22279,22079,22279,22812,23611,24692,25752,26458,26884,27148,27612,27689,27706,27401,27093,26722,26534,25368,23667,22354
17,21297,20607,20251,19991,19717,19471,19304,19295,19283,19206,19681,20745,23186,25298,27826,29087,29915,29812,29856,29596,29165,28962,28823,28692,28627,28488,28280,28204,27994,28014,28312,29124,29814,30236,30922,31070,31220,31291,31353,31453,31297,30836,30410,29673,28828,27077,25149,23667
18,22649,21947,21477,21207,20972,20646,20499,20450,20450,20420,20905,21720,24061,26294,28980,30348,31201,31172,31210,30991,30930,30689,30689,30427,30521,30400,30322,30014,30119,30377,30550,31229,31808,32335,32741,32881,32752,32260,32151,31869,31423,30957,30353,29682,28682,26955,25032,23630
19,22414,21687,21261,20991,20633,20328,20202,20222,20210,20174,20506,21313,23692,25967,28537,29839,30961,31046,30813,30476,30203,30175,29795,29689,29655,29327,28995,28724,28840,29001,29000,28605,30177,31233,31851,32240,32235,32304,32010,31696,31420,30995,30678,30302,29116,27533,25771,24247
20,22922,22298,21807,21472,21062,20736,20479,20540,20549,20488,20787,21711,23807,26085,28543,29997,30846,30624,29719,29379,29049,29467,29659,29753,29440,29321,29680,29499,29412,29222,29239,29633,30300,31054,31465,31863,31874,31674,31512,31365,30538,30472,29772,29360,28791,27223,25395,23969
21,22678,21965,21368,21095,20546,20333,20264,20306,20272,20215,20404,21047,23124,25160,27588,29003,29770,29621,29536,29072,28692,28444,28346,28238,27760,27847,27881,27711,27286,26952,26690,26755,27239,27928,28473,28910,29107,29180,29238,28977,28864,28654,28297,28065,27470,26393,24839,23407
22,22173,21453,20810,20428,20030,19736,19344,19244,19121,18759,18827,19009,19987,20863,22232,23243,24444,24874,25536,25981,26221,26682,26317,26043,25810,25660,25512,25174,24801,24295,24088,24222,24644,25388,26360,26665,26958,27089,27142,27070,26797,26465,26361,26267,26046,25051,23842,22809
23,21775,20926,20290,19950,19502,19065,18707,18680,18586,18295,18141,18209,18583,18998,19785,20491,21642,22534,23268,23886,24483,24747,24966,25270,25276,25102,24832,24348,23795,23485,23690,23937,24443,25323,25970,26319,26536,26707,27062,27705,27888,27530,27337,27035,26668,25554,23874,22431
24,21351,20617,20201,19998,19732,19416,19268,19279,19346,19263,19752,20793,23131,25311,27762,29233,30151,30170,30413,30137,29695,29553,29396,29142,29010,28875,28585,28294,28096,28050,28063,28625,29059,29732,30365,30871,31146,31357,31548,31545,31217,30712,30281,29747,28997,27401,25506,24045
25,22859,22093,21518,21304,20928,20697,20527,20448,20427,20295,20721,21523,23734,25807,28165,29075,29641,29620,29448,29169,28878,28724,28702,29103,28758,28531,28413,28149,28214,28350,28371,29016,29557,30125,30881,31121,31158,31353,31224,31024,31027,30666,30157,29804,29185,27768,25993,24417
26,23083,22410,21744,21510,21067,20703,20550,20472,20475,20480,20777,21661,23774,25844,28241,29138,29482,29646,30127,29739,29511,29482,29316,29185,29432,29254,28730,28567,28486,28549,28798,29436,30449,31145,31746,32064,31918,31966,31626,31400,30894,30378,29888,29354,28127,26399,24423,23003
27,21856,21150,20599,20286,19940,19662,19577,19624,19786,19737,20160,21143,23442,25420,28204,29456,30169,30234,30360,30212,30005,29904,29580,29241,29074,28746,28451,27940,27580,27401,27008,27559,28089,28704,29245,29776,29919,29997,30209,30372,29971,29525,29306,28956,27934,26607,24912,23426
28,22178,21515,20854,20609,20230,20002,19742,19598,19695,19697,19882,20801,23067,25337,28083,29758,30832,30818,31283,31513,31531,31425,31441,31820,31973,31488,30908,30328,30211,30225,29962,29994,30425,30873,31360,31493,31293,31083,30442,29953,29140,28663,28057,27591,26720,25173,23866,22397
29,21405,20500,19851,19454,18968,18684,18379,18175,18027,17918,17888,18169,19129,19929,21061,22328,23461,24037,24497,24445,24494,24600,24381,23971,23727,23356,22739,21920,21562,21110,20996,21227,21681,22474,23408,24119,24472,25005,25419,25419,25236,24978,25017,25032,24648,23755,22679,21602
30,20730,20015,19521,19302,18819,18446,18134,17986,17859,17727,17505,17467,18016,18431,19249,19853,20735,21320,21762,22197,22700,22821,23186,23232,23266,23108,22964,22390,22230,22087,22128,22468,23094,23781,24594,25183,25450,25743,25783,25776,25780,25591,25442,25179,24297,22955,21477,19795
31,18612,17831,17469,17213,16856,16484,16372,16448,16603,16632,17266,17919,20139,21939,24413,26037,27414,27855,28088,27949,27501,27299,27347,27467,27507,27083,26798,26745,26496,26521,26603,27100,27496,28234,29319,29817,30033,30197,30428,30381,30388,30018,29506,29133,28540,26915,25064,23636
32,22748,21972,21393,21193,20880,20492,20279,20110,20100,20082,20421,21305,23247,25022,27069,28234,29544,29995,29822,29432,28937,28534,28168,27843,27911,27775,27500,27503,27444,27256,27474,28363,29330,29851,30440,31007,31400,31913,32181,32113,31438,31186,30928,30740,29837,28248,26294,24724
33,23502,22635,22128,21750,21397,21074,21046,21202,20879,20640,20846,21781,23954,25944,28308,29384,30156,30222,30067,29645,29391,29234,29218,29318,29247,28878,28942,28754,28709,28826,28782,29129,30001,30836,31542,31923,31978,32153,31846,31818,31699,31292,31425,31237,29945,28570,27169,25629
34,24306,23517,22789,22384,21958,21637,21246,21131,21006,21204,21352,21952,23939,25877,28012,29352,30407,30787,30817,30354,29779,29853,29995,29926,29822,29826,29775,29707,29673,29661,29787,30097,30419,31039,31576,31924,32098,32297,32149,31775,31813,31620,31170,31158,29859,28524,27002,25397
35,24122,23334,22878,22340,21832,21498,21545,21463,21571,21840,22000,22544,24296,26099,28319,29553,30621,31098,31491,31360,31315,31008,30525,30562,31227,31046,30769,30444,30138,29924,29849,30087,30287,30834,31343,31467,31469,31721,31289,31017,30815,30446,30127,29662,28762,27387,25990,24851
36,23464,22553,21837,21372,20887,20592,20359,20235,20108,20108,20199,20217,21134,21960,23120,24202,25579,26502,27188,27497,27808,27750,27333,26935,26568,26424,26187,25657,25273,25172,25256,25348,25835,26427,27152,27437,27573,27719,27670,27488,27265,26776,26821,26510,25712,24723,23316,22437
37,21481,20181,19642,19321,18883,18504,18230,18097,17970,17832,17715,17670,18271,18791,19613,20289,21243,21861,22878,23451,24164,24623,24889,24969,25215,24945,24636,24549,24363,24209,24258,24467,25017,25689,26328,26751,26900,27206,27387,27318,27509,27438,27484,26848,26131,24898,23369,22101
38,21082,20382,19872,19694,19370,19030,18906,18848,19011,19096,19592,20226,22328,24015,25946,27334,28405,28665,28606,28190,27684,27320,27409,27328,27450,27198,27160,26863,26920,26913,27307,27635,27940,28913,29787,30389,30717,31183,31077,31008,30725,30191,30169,29446,28199,26356,24456,22859
39,21636,20978,20451,20064,19712,19418,19237,19299,19312,19542,19733,20499,22629,24360,26374,27720,28852,29370,29678,29686,29576,29241,29430,29648,30076,29848,29622,29464,29292,29003,28907,28999,29259,29982,30560,31018,30908,30652,30219,29926,29283,28917,28723,27805,26333,24911,23276,21744
40,20700,20057,19517,19261,18926,18665,18519,18520,18499,18665,19158,19755,21553,23330,25722,27108,28207,28748,28981,28963,28773,28665,28525,28560,28483,28342,28170,27806,27551,27447,27667,27916,28389,29209,29955,30331,30419,30409,30451,30387,30016,29730,29776,28935,27602,25915,24419,23077
41,21670,20929,20470,20287,19954,19656,19501,19529,19581,19723,20067,20709,22671,24334,26355,27462,28342,28582,29300,29362,29200,29069,29143,28997,28774,28625,28574,28451,28038,27983,27995,28196,28489,29200,29905,30297,30540,30839,30551,30389,30531,30433,30254,29674,28157,26402,24787,23358
42,22194,21420,20850,20575,20292,19827,19688,19687,19716,19890,20242,20786,22547,24273,26200,27234,28572,29037,29098,28974,28866,28747,28606,28419,28553,28416,28237,27978,27454,27279,27003,27092,27530,28321,28746,29064,29237,29629,29559,29627,29518,29231,29401,28799,27567,26243,24884,23492
43,22343,21565,20897,20550,20095,19735,19352,19305,19217,19117,19169,19294,20166,20853,22084,23076,24299,25145,25518,25524,25630,25483,25353,25095,24896,24722,24502,24176,23892,23738,24070,24385,24879,25554,26305,26840,27095,27262,27281,27166,26995,26753,26929,26625,25808,24659,23294,22190
44,21282,20551,20031,19641,19261,18804,18571,18473,18340,18269,18292,18085,18535,18901,19707,20404,21443,22291,23133,23833,24210,24509,24580,24617,24725,24530,24426,24352,24300,24210,24375,24929,25590,26185,26907,27200,27524,27754,27445,26958,26994,27166,27485,26915,25959,24511,22756,21466
45,20568,19987,19552,19391,19062,18895,18784,18760,18875,18975,19736,20359,22299,24126,26250,27669,28776,29057,29256,28884,28206,27788,27556,27400,27343,26929,26554,26278,26202,26205,26123,26459,27134,28006,28907,29512,30000,30350,30342,30136,29817,29608,29840,28868,27341,25561,23792,22379
46,21254,20574,20066,19801,19447,19185,18977,18932,18940,19182,19621,20240,22122,23937,25961,27162,28281,28669,28830,28663,28537,28346,28309,28086,28005,27618,27244,27118,27228,27234,27116,27343,27692,28634,29266,29589,30050,30302,30297,30119,29676,29549,29603,28575,26898,25301,23589,22125
47,20918,20269,19830,19468,19077,18685,18539,18547,18684,18783,19299,19864,21846,23585,25753,27011,27979,28020,28211,27812,27382,27123,27283,27149,27183,26885,26746,26334,26287,25989,26187,26373,26815,27484,28404,28953,29307,29703,29799,29758,29379,28951,29215,28407,26960,25384,23975,22523
48,21378,20683,20160,19948,19671,19363,19232,19186,19318,19479,20022,20552,22616,24503,26685,27861,28804,29040,29098,28503,28144,28249,28405,28402,28540,28336,28160,27903,28083,28305,28512,28783,29318,30126,30636,30712,30739,31010,31072,31047,30640,30612,30376,29244,27254,25546,23791,22257
49,20999,20298,19611,19354,19136,18854,18512,18382,18371,18413,18856,19632,21555,23211,25391,26852,28183,28652,29092,28726,28271,27914,27695,27506,27610,27310,26784,26785,26643,26660,26831,27151,27643,28112,27945,28769,28634,28568,28600,28175,27661,27765,27899,27155,25955,24317,22849,21596
50,20421,19492,18984,18637,18165,17716,17522,17496,17373,17371,17591,17436,18320,18911,20101,21050,22229,23144,23674,24038,24281,24330,24457,24276,23948,23333,22675,21994,21687,21444,21148,21040,21779,22557,23645,24193,24479,24583,24490,24330,24327,24354,24422,23722,23047,21979,20487,19445
51,18496,17753,17173,16863,16626,16294,16012,15887,15848,15954,16150,16061,16681,17129,17945,18562,19575,20207,21242,21955,22619,22847,23122,23188,23478,23417,23209,22874,22669,22706,23151,23684,24463,25180,26090,26588,26893,27002,26884,26699,26564,26652,26751,25960,25192,23871,22455,21315
52,20238,19558,19216,19003,18811,18637,18523,18490,18603,18897,19697,20403,22508,24417,26638,28218,29400,29930,29818,29170,28806,28829,28622,28718,29024,28869,28686,28351,28060,27898,27797,27802,28042,29032,30045,30513,30489,30895,30642,30663,30253,30171,30301,29264,27760,26210,24397,22895
53,21756,21063,20589,20468,20186,19767,19682,19541,19633,19850,20527,21145,23019,24748,26661,27853,28782,28802,28631,28347,27837,27820,27686,27776,27729,27564,27200,26993,26659,26577,26699,26930,27337,28211,29169,29817,30191,30506,30696,30466,30100,30382,30166,28781,28047,26588,24799,23316
54,22100,21355,20914,20677,20301,19915,19787,19768,19790,20037,20527,21339,23408,25172,27518,29066,30639,31244,31619,31779,32124,32152,32255,32495,32773,32577,32360,32017,31895,31740,31585,31774,31856,32490,32978,33387,33220,32860,32448,32085,31702,31510,31046,29360,27693,25811,23844,22334
55,21374,20551,19988,19493,18917,18663,18550,18432,18514,18517,19087,19744,21762,23412,25542,26878,27730,27790,27632,27220,26694,26072,25794,25794,25803,25381,24834,24322,24260,24379,24675,25016,25874,27160,28234,29060,29498,30010,30259,30377,30257,30602,30487,29099,27853,26121,24070,22642
56,21384,20856,20316,19968,19620,19273,19055,18965,18917,19025,19611,20066,21772,23405,25551,26944,28292,29024,29522,29520,29630,29718,29810,29882,29925,29713,29413,29001,28811,28733,28335,28313,28807,29247,29885,29963,30038,29674,29303,28850,28440,28344,27920,26768,25305,23990,22309,21017
57,19906,19159,18538,18244,17794,17374,17119,17091,17046,16996,17226,17340,18319,19186,20300,20972,21830,22145,22452,22397,22332,22215,21860,21358,20798,20332,19758,19012,18724,18425,18535,18872,19937,21124,22581,23904,24456,24957,25195,25271,25210,25726,25394,24551,23469,22563,21238,19999
58,19127,18516,17956,17656,17291,16966,16732,16664,16559,16448,16596,16629,16968,17473,18156,18885,19814,20280,20789,21014,21114,20789,20771,20386,20248,19795,19080,19053,19069,18975,19174,19721,20860,21631,22855,23714,24361,24821,25182,25449,25584,25651,25417,24665,23980,22549,20861,19679
59,18730,18163,17777,17632,17367,16972,16832,16790,17001,17245,18201,19016,21156,22754,25028,26318,27582,27628,27675,27490,27137,26834,26660,26348,26236,26307,26179,25971,25800,25611,25756,25863,26338,27541,28506,29175,29969,30271,30324,30227,30105,30113,29707,28549,27162,25292,23411,22054
60,20904,20252,19864,19584,19352,19073,18909,18789,18967,19281,20174,21072,22729,24776,27047,27966,29031,29188,29160,28669,28159,27914,27903,27795,27821,27589,27227,26777,26624,26515,26474,26930,27652,28892,30099,30728,30963,31403,31663,31503,31424,31865,31204,29918,28314,26494,24654,23129
61,21925,21267,20763,20529,20235,19969,19709,19452,19478,19633,20364,21212,22978,24676,26891,27931,28652,28800,28972,28894,28191,27592,27146,26849,26920,26739,26628,26429,26306,26475,26671,27122,27707,28797,29579,30067,30457,30465,30275,30245,30345,30491,29904,28145,26429,24621,22924,21696
62,20479,19892,19362,19242,18842,18466,18275,18126,18245,18537,19308,20149,22195,23862,26158,27217,27971,27941,27867,27355,26949,27148,27326,27400,27636,27442,27193,26953,26818,26690,26587,26944,27820,28788,29527,30234,30609,30521,30565,30548,30584,30939,30025,28628,27005,25435,23787,22490
63,21373,20595,20069,19649,19423,19105,18981,18934,19065,19120,19966,20742,22719,24425,26742,28117,29206,29439,29382,29010,28484,27928,27387,27170,26702,26209,25730,25323,25265,25260,25524,25946,26331,27317,28196,29074,29376,29559,29911,29633,29592,29793,29163,28112,27146,25717,24257,23008
64,21938,21034,20394,20188,19884,19424,19241,19223,19170,19198,19374,19595,20331,20901,22068,22787,23762,24146,24308,24039,23830,23626,23010,22533,22356,22009,21486,21250,21111,21070,21053,21475,22538,23741,25328,26074,26973,27350,27538,27485,27597,27954,27334,26152,25387,24524,23581,22431
65,21589,20914,20364,20021,19698,19277,19016,18923,18810,18770,18861,18874,19274,19691,20459,21206,21967,22596,22836,22914,23007,22874,22777,22606,22431,22347,21965,21541,21394,21366,21630,22254,22984,23924,24954,25821,26581,26929,27462,27667,27943,28240,27916,27088,26299,25124,23800,22659
66,21595,21047,20608,20202,19816,19477,19278,19256,19242,19311,19716,20113,20762,21539,22701,23404,24143,24630,25165,25365,25061,24788,24524,24162,23863,23586,23151,22851,22755,22796,23188,23954,24655,25730,27529,28549,29042,29265,29562,29495,29972,30282,29597,28831,27571,26102,24532,23217
67,22105,21480,21060,20689,20354,20086,20005,19992,20009,20172,20977,21687,23692,25502,27814,29130,30264,30590,30272,30173,29872,29889,29810,30021,30174,29917,29970,30050,30118,30270,30354,30882,31744,32473,33170,33603,33706,33591,33523,33100,33763,33246,32164,30741,29007,27405,25697,24409
68,23241,22460,21870,21412,20983,20623,20430,20205,20289,20584,21348,22296,24064,25757,28107,29477,30673,31242,31468,31226,30839,30636,30480,30303,30443,30108,29954,29937,29965,30018,30223,30601,31179,32001,32520,32700,32950,32908,32514,31925,32184,31996,31209,29614,28012,26111,24681,23325
69,22089,21421,20845,20598,20228,19976,19716,19601,19661,19811,20518,21489,23364,25172,27122,28503,29125,28784,28544,27924,27200,26606,26172,26145,26103,26028,25842,25778,25682,25852,26145,26592,26821,27716,28781,29194,29724,30113,30439,30327,30490,30391,29445,27918,26294,24731,22949,21602
70,20446,19654,19048,18836,18403,18022,17926,17820,17853,17946,18623,19590,21318,23005,25307,26752,27638,27719,28027,27676,27129,26737,26438,26248,26027,25725,25260,24843,24567,24724,24558,24846,25386,26407,27254,27876,28295,28515,28647,28351,28952,28732,28029,27077,25659,24082,22703,21376
71,20062,19418,18589,18091,17837,17453,17146,16841,16633,16462,16731,17118,17892,18521,19843,20761,21855,22339,22859,22986,22644,22490,22500,22512,22507,22350,21429,20970,20513,20400,20603,20847,21448,22668,24017,25003,25644,25871,26256,26617,27310,27350,26447,25480,24559,23641,22247,21028
72,19784,18982,18250,17982,17551,17119,16943,16849,16900,16721,16891,17233,17536,17997,18996,19608,20478,20711,21144,21192,21175,21097,21234,21490,21542,21468,21219,20995,20760,20484,20723,21001,22006,23020,24202,25318,26082,26964,27235,27477,27906,27731,27012,26127,25201,23836,22173,20974
73,20014,19363,19061,18928,18547,18346,18134,18112,18222,18443,19243,20338,22433,24390,26803,27830,28505,28728,28580,27773,27190,26701,26554,26765,27144,27171,27151,27209,27438,27694,28067,28574,29306,29965,30772,31338,31276,31360,31187,31110,31357,30458,29193,27309,25612,23852,22090,20875
74,19859,19261,18835,18788,18640,18275,18341,18331,18511,18821,19649,20698,22835,25037,27851,29234,30252,30220,30159,29738,29168,28963,28952,29008,28969,28786,28700,28486,28496,28389,28514,29156,29823,30663,31556,31787,31869,31924,32034,31976,32308,31431,30032,28270,26597,24594,22953,21507
75,20425,19782,19331,19320,19017,18816,18679,18694,18634,18847,19452,20453,22941,25062,28052,29349,29882,29260,28881,28228,27301,26782,26713,25984,25741,25386,25426,25140,25016,25294,25469,26239,27170,28576,29328,29675,30125,30332,30362,30357,30799,29869,28360,26659,25066,23328,21603,20504
76,19397,18759,18424,18227,18122,18091,17843,17933,18091,18375,19308,20288,22849,25076,27912,28722,29201,28829,28295,27980,27469,27091,26967,26788,26956,27114,26635,26451,26155,25870,25699,26366,27485,28655,29792,30333,30761,31353,31760,32048,32339,31384,30093,28729,26932,25104,23069,21543
77,20300,19520,18786,18575,18227,17880,17685,17559,17421,17629,18457,19597,22064,24209,27089,28617,29786,30096,30425,30296,29848,29800,29404,29135,29124,29011,28598,27956,27393,26905,26596,26975,27806,28383,28869,29198,29969,29835,29801,29953,30165,29257,28234,27593,26428,24929,23491,22273
78,21191,20441,19923,19704,19290,19013,18752,18546,18522,18542,19064,19463,20518,21476,22944,24222,25432,25826,26056,25806,25689,25662,25563,25447,25388,25399,24565,24236,23572,23381,23506,23594,24270,25242,26521,27449,28144,28668,28984,29120,29624,29179,28183,27171,25984,24674,23313,22121
79,21097,20413,19843,19592,19325,19118,18906,18636,18671,18396,18724,19056,19549,19862,20835,21563,22545,22973,23337,23352,23257,23210,23236,23192,23353,23356,23135,22921,22770,22816,23203,23952,24695,26044,27482,28369,28937,29459,29746,30099,30462,29587,28964,27618,26189,24305,22884,21619
80,20550,20023,19714,19553,19340,19047,18801,18734,18921,19103,19783,21122,23982,26528,29561,31365,32511,32532,33309,33491,33519,33702,33952,33752,33791,33562,33221,32774,32488,32422,32321,32923,34039,34860,35467,35590,35565,35444,35189,35425,34992,33613,32213,30414,28447,26379,24686,23401
81,22276,21640,21357,21156,20899,20664,20456,20446,20529,20682,21513,22816,25423,27682,30563,31474,31833,31385,31344,31461,30889,30356,29915,29988,30091,30080,29787,29747,29660,29558,29258,29967,30690,31495,32227,32911,33190,33399,33708,34124,33886,32654,30940,29118,26983,24913,22916,21415
82,20153,19345,18884,18698,18184,17864,17681,17367,17445,17542,18435,19514,22590,24879,27867,29487,30443,30271,30587,30391,29740,29572,29479,29344,29223,29065,28781,28568,28182,27941,27730,28452,29385,30400,31316,31773,32042,32143,32283,32950,33294,32234,31009,29253,27675,25743,23890,22717
83,21647,20967,20549,20341,20000,19723,19530,19424,19401,19648,20348,21450,24003,26578,29275,30267,30785,30688,31306,31002,30487,29888,29686,29510,29690,29471,29066,28514,28143,28036,27923,28474,29546,30636,31509,32015,32377,32527,33048,33483,33056,32050,30902,29386,27580,26061,24264,22804
84,21586,20728,20393,20401,20133,19782,19564,19631,19674,19847,20761,21786,24350,26638,29745,31012,31300,30690,30125,29475,28759,28022,27466,26984,26849,26450,25960,25541,25408,25310,25371,26017,27057,28250,29651,30470,30981,31457,31772,32173,31848,31160,30233,28978,27509,25966,24328,22977
85,21959,21210,20603,20202,19889,19484,19299,19041,18997,18924,19258,19706,20737,21427,22943,23642,24270,24540,24491,23899,23519,23044,22302,21669,21371,21155,20708,20421,20141,20271,20541,20870,21896,23205,24988,25960,26706,27286,27557,28267,28291,27474,26409,25309,24069,23043,21494,20552
86,19361,18648,18230,18014,17514,17177,16930,16841,16752,16763,16945,17468,18405,18789,19646,20590,21604,22283,22922,23228,23575,23646,23571,23683,24010,24066,24060,23846,23997,24053,24658,25314,26435,27634,29043,29883,30193,30347,30708,31349,31056,30056,29178,27871,26494,24920,23331,22194
87,21250,20681,20396,20255,20121,19762,19626,19593,19678,19889,20479,21797,24599,27041,30064,31379,32534,32141,32554,32587,32351,32511,32554,32432,32310,32000,31584,31324,31115,31160,31054,31620,32417,33168,33821,34071,34162,34282,34861,35067,34499,33373,31888,29937,28039,26122,24361,22944
88,21815,21063,20675,20440,20230,19926,19719,19699,19824,20003,20873,22118,24674,27259,30277,31337,31691,31097,30512,29737,28619,28181,27848,27665,27572,27185,26829,26578,26699,26748,27172,28126,29350,30776,32187,32831,33389,33757,34205,34726,34321,33272,32028,30585,28647,26830,25092,23709
89,22706,22101,21668,21498,21209,20959,20829,20790,20899,21075,21836,23014,25681,28224,30706,31943,31796,31292,30932,30522,29995,29684,29448,29066,29156,28813,28203,28020,28018,27959,28329,29410,30562,31916,33036,33483,34271,34738,35124,35437,34898,34056,32799,30995,29188,27451,25602,24090
90,23033,22413,21890,21785,21590,21292,21057,20975,21073,21335,21942,23181,25916,28230,31227,32248,32541,31855,31586,30989,29929,29220,28279,27957,27770,27579,27471,27217,27290,27318,27645,28458,29760,30935,32294,32935,33708,34104,34731,35404,34945,33783,32220,30536,28793,26853,25057,23607
91,22403,21797,21513,21345,21015,20763,20509,20473,20558,20735,21368,22518,25315,27522,30381,31445,31702,31284,30462,29810,28848,28390,27798,27405,27076,26612,26005,25547,25351,25125,25203,25996,26826,27921,29283,30393,31066,31517,31833,32683,31943,30509,29235,27837,26037,24570,22919,21622
,,,,,,,,,,,,,,,,,,,,,,,,,,,,,,,,,,,,,,,,,,,,,,,,
st_dev,1229.536624,1186.502879,1153.223233,1149.006026,1149.626705,1151.461019,1161.370158,1174.928821,1200.27483,1287.02383,1495.742324,2115.665089,2675.44593,3369.786222,3663.182997,3683.519657,3480.467833,3254.181197,3067.415288,2906.849187,2819.036051,2809.701517,2833.555406,2875.660003,2898.711073,2934.436463,2990.324056,3032.707622,3066.957669,3048.436863,3038.661937,3048.97018,3002.627213,2883.674724,2710.450429,2569.453468,2465.572762,2401.613112,2398.464488,2374.644659,2232.15138,2008.867519,1817.295626,1679.713054,1624.235165,1582.279346,1443.554746,1234.735096
hour,1,,2,,3,,4,,5,,6,,7,,8,,9,,10,,11,,12,,13,,14,,15,,16,,17,,18,,19,,20,,21,,22,,23,,24,
avg_stadard_deviton_hourly,1208.019751,,1151.114629,,1150.543862,,1168.149489,,1243.64933,,1805.703706,,3022.616076,,3673.351327,,3367.324515,,2987.132237,,2814.368784,,2854.607705,,2916.573768,,3011.515839,,3057.697266,,3043.816058,,2943.150968,,2639.951949,,2433.592937,,2386.554574,,2120.50945,,1748.50434,,1603.257255,,1339.144921,
avg_standard_deviation_pu,0.05716647,,0.057214024,,0.059081903,,0.061227888,,0.065262835,,0.091000261,,0.132747831,,0.140308068,,0.12146739,,0.107015023,,0.102377446,,0.104878028,,0.107940613,,0.113765092,,0.116990512,,0.11541778,,0.106247407,,0.09023044,,0.081356963,,0.079305447,,0.071217061,,0.061034916,,0.060852209,,0.057526229,
